{
    "id": "simbuls-creature-aide",
    "name": "simbuls-creature-aide",
    "title": "Simbul's Creature Aide",
    "description": "A module that handles Legendary Actions, Lair Actions and Ability Recharges for DnD5e. Originally part of DnD 5e Helpers, split out for v10.",
    "version": "1.0.0",
    "authors": [
      {
        "name": "VTT Lair",
        "url": "https://github.com/vtt-lair"
      }
    ],
    "esmodules": [
        "/scripts/creature-aide.js"
    ],  
    "includes": [
        "module.json"
    ],
    "languages": [
      {
        "lang": "en",
        "name": "English",
        "path": "lang/en.json"
      },
      {
        "lang": "es",
        "name": "Spanish",
        "path": "lang/es.json"
      },
      {
        "lang": "fr",
        "name": "French",
        "path": "lang/fr.json"
      },
      {
        "lang": "pt-BR",
        "name": "Brazilian Portugues",
        "path": "lang/pt-BR.json"
      },
      {
        "lang": "ko",
        "name": "Korean",
        "path": "lang/ko.json"
      },
      {
        "lang": "ja",
        "name": "日本語",
        "path": "lang/ja.json"
      }
    ],
    "url": "https://github.com/vtt-lair/simbuls-creature-aide",
    "manifest": "https://github.com/vtt-lair/simbuls-creature-aide/releases/latest/download/module.json",
    "download": "https://github.com/vtt-lair/simbuls-creature-aide/releases/download/v1.0.0/simbuls-creature-aide-v1.0.0.zip",
    "relationships": {
        "systems": [
            {
                "id": "dnd5e",
                "type": "system",
                "manifest": "https://gitlab.com/asacolips-projects/foundry-mods/archmage/-/raw/2.0.2/system.json",
                "compatibility": {
                    "verified": "2.0.2"
                }
            }
        ]
    },
    "compatibility": {
        "minimum": "10",
        "verified": "10"
    }
}
